{
  "AAVE": 666.86,
  "ADA": 2.46,
  "ALGO": 3.28,
  "AMP": 0.1211,
  "ATOM": 32.14,
  "AVAX": 59.94,
  "BAT": 1.65,
  "BCH": 4355.62,
  "BNB": 690.93,
  "BNT": 10,
  "BSV": 491.64,
  "BTC": 64863.1,
  "BTCB": 85563.99,
  "BTG": 539.72,
  "BTT": 0.01426,
  "BUSD": 6.29,
  "CAKE": 44.18,
  "CEL": 8.02,
  "CELO": 7.24,
  "CHSB": 1.65,
  "CHZ": 0.8915,
  "COMP": 911.2,
  "CRO": 0.271,
  "CRV": 60.5,
  "DAI": 1.14,
  "DASH": 1642.22,
  "DCR": 250.02,
  "DGB": 0.1825,
  "DOGE": 0.7376,
  "DOT": 49.69,
  "EGLD": 245.56,
  "ENJ": 4,
  "EOS": 22.89,
  "ETC": 176.16,
  "ETH": 4362.35,
  "FIL": 237.24,
  "FTM": 0.9571,
  "FTT": 63.08,
  "GRT": 2.88,
  "HBAR": 0.4495,
  "HNT": 23.01,
  "HOT": 0.03157,
  "HT": 39.81,
  "HUSD": 1.09,
  "ICP": 737.2,
  "KCS": 21.14,
  "KLAY": 4.38,
  "KSM": 623.75,
  "LEO": 3.92,
  "LINK": 52.88,
  "LTC": 412.96,
  "LUNA": 22.33,
  "MANA": 1.63,
  "MATIC": 2.68,
  "MDX": 10.06,
  "MIOTA": 5.69,
  "MKR": 6339.02,
  "NANO": 37.62,
  "NEAR": 7.57,
  "NEO": 196.85,
  "NEXO": 4.05,
  "OKB": 44.17,
  "OMG": 28.35,
  "ONE": 0.2233,
  "ONT": 10,
  "PAX": 1.1,
  "QNT": 104.41,
  "QTUM": 99.87,
  "REV": 4.49,
  "RUNE": 21.26,
  "SC": 0.1117,
  "SHIB": 0.0000388,
  "SNX": 28.77,
  "SOL": 58.3,
  "STX": 2.82,
  "SUSHI": 23.38,
  "TEL": 0.0649,
  "TFUEL": 0.6807,
  "THETA": 15.9,
  "TRX": 0.3004,
  "TUSD": 1.36,
  "UMA": 43.37,
  "UNI": 44.97,
  "USDC": 1.11,
  "USDT": 1.21,
  "UST": 1.05,
  "VET": 0.2782,
  "WAVES": 41.33,
  "WBTC": 64796.44,
  "XDC": 0.1448,
  "XEM": 2.09,
  "XLM": 0.9381,
  "XMR": 517.62,
  "XRP": 3.84,
  "XTZ": 8.4,
  "YFI": 93435.53,
  "ZEC": 5941.8,
  "ZEN": 168.15,
  "ZIL": 0.2563,
  "ZRX": 2.53
}
